{
  "type": "calculatedTableColumn",
  "name": "Total Sales",
  "dataType": "decimal",
  "isNameInferred": true,
  "isDataTypeInferred": true,
  "sourceColumn": "[Total Sales]",
  "formatString": "\"£\"#,0.###############;-\"£\"#,0.###############;\"£\"#,0.###############",
  "summarizeBy": "none",
  "annotations": [
    {
      "name": "SummarizationSetBy",
      "value": "User"
    },
    {
      "name": "Format",
      "value": "<Format Format=\"CurrencyGeneral\" ThousandSeparator=\"True\"><Currency LCID=\"2057\" DisplayName=\"£ English (United Kingdom)\" Symbol=\"£\" PositivePattern=\"0\" NegativePattern=\"1\" /></Format>"
    }
  ]
}