{
  "version": "1.0.0",
  "diagrams": [
    {
      "name": "All tables",
      "zoomValue": 100,
      "isDefault": true,
      "tables": [
        "Customer",
        "Date",
        "Product",
        "Promotion",
        "Sales",
        "Store",
        "Time Intelligence",
        "Metric"
      ],
      "layout": {
        "boundingBoxWidth": 1390.3,
        "boundingBoxHeight": 1014.6837336069034,
        "boundingBoxPosition": {
          "x": 0,
          "y": -5.6843418860808015E-14
        },
        "nodes": [
          {
            "height": 300,
            "layedOut": true,
            "left": 0,
            "nodeIndex": "Customer",
            "top": 408.36148874228763,
            "width": 180
          },
          {
            "height": 300,
            "layedOut": true,
            "left": 649.06113712852573,
            "nodeIndex": "Date",
            "top": 350.32682617389,
            "width": 180
          },
          {
            "height": 300,
            "layedOut": true,
            "left": 613.29501620218059,
            "nodeIndex": "Product",
            "top": -5.6843418860808015E-14,
            "width": 180
          },
          {
            "height": 214,
            "layedOut": true,
            "left": 49.605049749387376,
            "nodeIndex": "Promotion",
            "top": 102.56469950742166,
            "width": 180
          },
          {
            "height": 300,
            "layedOut": true,
            "left": 263.52499986870828,
            "nodeIndex": "Sales",
            "top": 267.91371727343108,
            "width": 180
          },
          {
            "height": 300,
            "layedOut": true,
            "left": 256.71878441408262,
            "nodeIndex": "Store",
            "top": 714.68373360690339,
            "width": 180
          },
          {
            "height": 100,
            "layedOut": true,
            "left": 929.7,
            "nodeIndex": "Time Intelligence",
            "top": 0,
            "width": 180
          },
          {
            "height": 100,
            "layedOut": true,
            "left": 1210.3,
            "nodeIndex": "Metric",
            "top": 0,
            "width": 180
          }
        ]
      }
    }
  ]
}