{
  "Version": 1,
  "ReportSettings": {
    "ShowHiddenFields": false,
    "IsRelationshipAutodetectionEnabled": true,
    "IsParallelQueryLoadingEnabled": true,
    "IsAutoRecoveryEnabledForThisFile": true,
    "IsQnaEnabledForThisFile": true,
    "UserConsentsToCompositeModels": false,
    "UserConsentsToQnaForLiveConnect": false
  },
  "QueriesSettings": {
    "TypeDetectionEnabled": true,
    "RelationshipImportEnabled": true,
    "RelationshipRefreshEnabled": false,
    "RunBackgroundAnalysis": false,
    "Version": "2.70.5494.701"
  }
}