{
  "name": "Adventure Works DW 2020",
  "compatibilityLevel": 1520,
  "model": {
    "culture": "en-US",
    "dataAccessOptions": {
      "legacyRedirects": true,
      "returnErrorValuesAsNull": true
    },
    "defaultPowerBIDataSourceVersion": "powerBI_V3",
    "discourageImplicitMeasures": true,
    "sourceQueryCulture": "en-US",
    "annotations": [
      {
        "name": "__PBI_TimeIntelligenceEnabled",
        "value": "0"
      },
      {
        "name": "PBIDesktopVersion",
        "value": "2.83.5894.442 (20.07)"
      },
      {
        "name": "PBI_QueryOrder",
        "value": "Product Category.Product Subcategory.Product.Date.Customer.Promotion.Sales.Store"
      },
      {
        "name": "TabularEditor_SerializeOptions",
        "value": "{\"IgnoreInferredObjects\":true,\"IgnoreInferredProperties\":true,\"IgnoreTimestamps\":true,\"SplitMultilineStrings\":true,\"PrefixFilenames\":false,\"LocalTranslations\":false,\"LocalPerspectives\":false,\"LocalRelationships\":false,\"Levels\":[\"Data Sources\",\"Perspectives\",\"Relationships\",\"Roles\",\"Shared Expressions\",\"Tables\",\"Tables/Annotations\",\"Tables/Calculation Items\",\"Tables/Columns\",\"Tables/Hierarchies\",\"Tables/Measures\",\"Tables/Partitions\",\"Translations\"]}"
      }
    ]
  }
}