{
  "name": "Birth Date",
  "dataType": "dateTime",
  "sourceColumn": "Birth Date",
  "formatString": "MM/dd/yyyy",
  "summarizeBy": "none",
  "annotations": [
    {
      "name": "Format",
      "value": "<Format Format=\"DateTimeCustom\"><DateTimes><DateTime LCID=\"1033\" Group=\"ShortDate\" FormatString=\"MM/dd/yyyy\" /></DateTimes></Format>"
    },
    {
      "name": "DataTypeAtRefresh",
      "value": "DateTime#####not a type"
    },
    {
      "name": "SummarizationSetBy",
      "value": "Automatic"
    }
  ]
}