{
  "name": "Color",
  "dataType": "string",
  "sourceColumn": "Color",
  "summarizeBy": "none",
  "annotations": [
    {
      "name": "SummarizationSetBy",
      "value": "Automatic"
    },
    {
      "name": "Format",
      "value": "<Format Format=\"Text\" />"
    },
    {
      "name": "DataTypeAtRefresh",
      "value": "String#####not a type"
    },
    {
      "name": "PBI_NameAtRefresh",
      "value": "Color"
    },
    {
      "name": "PBI_WasHiddenAtRefresh",
      "value": "False"
    }
  ]
}