{
  "name": "Adventure Works DW 2020",
  "compatibilityLevel": 1540,
  "model": {
    "culture": "en-US",
    "dataAccessOptions": {
      "legacyRedirects": true,
      "returnErrorValuesAsNull": true
    },
    "defaultPowerBIDataSourceVersion": "powerBI_V3",
    "sourceQueryCulture": "en-US",
    "annotations": [
      {
        "name": "__PBI_TimeIntelligenceEnabled",
        "value": "0"
      },
      {
        "name": "PBIDesktopVersion",
        "value": "2.91.701.0 (21.03)"
      },
      {
        "name": "PBI_QueryOrder",
        "value": "[\"SqlServerInstance\",\"SqlServerDatabase\",\"Culture\",\"Customer\",\"Date\",\"Product\",\"Reseller\",\"Sales\",\"Sales Order\",\"Sales Territory\"]"
      },
      {
        "name": "TabularEditor_SerializeOptions",
        "value": "{\"IgnoreInferredObjects\":true,\"IgnoreInferredProperties\":true,\"IgnoreTimestamps\":true,\"SplitMultilineStrings\":true,\"PrefixFilenames\":false,\"LocalTranslations\":false,\"LocalPerspectives\":false,\"LocalRelationships\":false,\"Levels\":[\"Data Sources\",\"Perspectives\",\"Relationships\",\"Roles\",\"Shared Expressions\",\"Tables\",\"Tables/Annotations\",\"Tables/Calculation Items\",\"Tables/Columns\",\"Tables/Hierarchies\",\"Tables/Measures\",\"Tables/Partitions\",\"Translations\"]}"
      }
    ]
  }
}