{
  "id": 0,
  "layoutOptimization": 0,
  "pods": [
    {
      "boundSection": "ReportSection87b662b0b457c2064754",
      "config": "{}",
      "name": "Pod1"
    },
    {
      "boundSection": "ReportSection7aa466687035663bafb6",
      "config": "{}",
      "name": "Pod"
    },
    {
      "boundSection": "ReportSectionf45812c52b495395e000",
      "config": "{}",
      "name": "Pod2"
    },
    {
      "boundSection": "ReportSection9b831c1cd94ebe8c436d",
      "config": "{}",
      "name": "Pod3"
    },
    {
      "boundSection": "ReportSection400d1372cdecd6a384a7",
      "config": "{}",
      "name": "Pod4"
    }
  ],
  "resourcePackages": [
    {
      "resourcePackage": {
        "disabled": false,
        "items": [
          {
            "name": "CY19SU06",
            "path": "BaseThemes/CY19SU06.json",
            "type": 202
          }
        ],
        "name": "SharedResources",
        "type": 2
      }
    }
  ]
}