{
  "name": "Introducing calculation groups",
  "compatibilityLevel": 1520,
  "model": {
    "culture": "en-US",
    "dataAccessOptions": {
      "legacyRedirects": true,
      "returnErrorValuesAsNull": true
    },
    "defaultPowerBIDataSourceVersion": "powerBI_V3",
    "discourageImplicitMeasures": true,
    "sourceQueryCulture": "en-US",
    "relationships": [
      {
        "name": "8c8b00e4-961a-489c-9a8b-812542526d79",
        "fromTable": "Sales",
        "fromColumn": "Order Date",
        "toTable": "Date",
        "toColumn": "Date"
      },
      {
        "name": "cdc1f678-516d-402a-8bd3-13b1df211879",
        "fromTable": "Sales",
        "fromColumn": "Delivery Date",
        "toTable": "Date",
        "toColumn": "Date",
        "isActive": false
      },
      {
        "name": "56488b0e-a821-4cfc-bdd3-8cc68f36b536",
        "fromTable": "Sales",
        "fromColumn": "StoreKey",
        "toTable": "Store",
        "toColumn": "StoreKey"
      },
      {
        "name": "2ea9d16c-6bf3-4169-92f2-16b3d4c7e1b5",
        "fromTable": "Sales",
        "fromColumn": "PromotionKey",
        "toTable": "Promotion",
        "toColumn": "PromotionKey"
      },
      {
        "name": "deca5bcb-ea8f-467a-b790-fa78ea247d57",
        "fromTable": "Sales",
        "fromColumn": "CustomerKey",
        "toTable": "Customer",
        "toColumn": "CustomerKey"
      },
      {
        "name": "930316a3-701f-46ba-8e96-262c3375b3c9",
        "fromTable": "Sales",
        "fromColumn": "ProductKey",
        "toTable": "Product",
        "toColumn": "ProductKey"
      }
    ],
    "expressions": [
      {
        "name": "Product Category",
        "kind": "m",
        "annotations": [
          {
            "name": "PBI_NavigationStepName",
            "value": "Navigation"
          },
          {
            "name": "PBI_ResultType",
            "value": "Table"
          }
        ]
      },
      {
        "name": "Product Subcategory",
        "kind": "m",
        "annotations": [
          {
            "name": "PBI_NavigationStepName",
            "value": "Navigation"
          },
          {
            "name": "PBI_ResultType",
            "value": "Table"
          }
        ]
      }
    ],
    "annotations": [
      {
        "name": "__PBI_TimeIntelligenceEnabled",
        "value": "0"
      },
      {
        "name": "PBIDesktopVersion",
        "value": "2.83.5894.442 (20.07)"
      },
      {
        "name": "PBI_QueryOrder",
        "value": "Product Category.Product Subcategory.Product.Date.Customer.Promotion.Sales.Store"
      },
      {
        "name": "__TEdtr",
        "value": "1"
      }
    ]
  }
}